log_text,label
authentication failed for user user-service,Authentication Failure
token expired during login for prod-server-1,Authentication Failure
upstream api timeout detected in payment-service,API Timeout
unable to write log due to disk full prod-server-1,Disk Full
token expired during login for auth-service,Authentication Failure
api request timeout on endpoint auth-service,API Timeout
api request timeout on endpoint prod-server-1,API Timeout
request exceeded timeout limit for db-cluster,API Timeout
filesystem full on instance prod-server-1,Disk Full
invalid login credentials for prod-server-1,Authentication Failure
request exceeded timeout limit for payment-service,API Timeout
connection refused to postgres database gateway-api,Database Error
gateway timeout from service db-cluster,API Timeout
api request timeout on endpoint gateway-api,API Timeout
access denied for account db-cluster,Authentication Failure
api request timeout on endpoint db-cluster,API Timeout
db pool exhausted on service gateway-api,Database Error
token expired during login for payment-service,Authentication Failure
unable to write log due to disk full db-cluster,Disk Full
disk space exceeded on server user-service,Disk Full
api request timeout on endpoint db-cluster,API Timeout
access denied for account auth-service,Authentication Failure
upstream api timeout detected in db-cluster,API Timeout
database connection timeout on user-service,Database Error
access denied for account prod-server-1,Authentication Failure
access denied for account payment-service,Authentication Failure
gateway timeout from service payment-service,API Timeout
invalid login credentials for payment-service,Authentication Failure
upstream api timeout detected in prod-server-1,API Timeout
no storage left on device db-cluster,Disk Full
access denied for account auth-service,Authentication Failure
no storage left on device user-service,Disk Full
no storage left on device payment-service,Disk Full
database connection timeout on user-service,Database Error
disk space exceeded on server db-cluster,Disk Full
no storage left on device gateway-api,Disk Full
upstream api timeout detected in db-cluster,API Timeout
authentication failed for user db-cluster,Authentication Failure
disk space exceeded on server db-cluster,Disk Full
access denied for account db-cluster,Authentication Failure
invalid login credentials for payment-service,Authentication Failure
invalid login credentials for gateway-api,Authentication Failure
access denied for account db-cluster,Authentication Failure
invalid login credentials for gateway-api,Authentication Failure
unable to connect to mysql instance gateway-api,Database Error
database connection timeout on auth-service,Database Error
db pool exhausted on service gateway-api,Database Error
token expired during login for user-service,Authentication Failure
disk space exceeded on server prod-server-1,Disk Full
authentication failed for user gateway-api,Authentication Failure
disk space exceeded on server prod-server-1,Disk Full
access denied for account gateway-api,Authentication Failure
authentication failed for user auth-service,Authentication Failure
authentication failed for user auth-service,Authentication Failure
request exceeded timeout limit for payment-service,API Timeout
request exceeded timeout limit for gateway-api,API Timeout
invalid login credentials for auth-service,Authentication Failure
request exceeded timeout limit for auth-service,API Timeout
db pool exhausted on service user-service,Database Error
connection refused to postgres database gateway-api,Database Error
authentication failed for user payment-service,Authentication Failure
access denied for account gateway-api,Authentication Failure
api request timeout on endpoint gateway-api,API Timeout
database connection timeout on payment-service,Database Error
token expired during login for user-service,Authentication Failure
database connection timeout on auth-service,Database Error
unable to connect to mysql instance auth-service,Database Error
unable to connect to mysql instance auth-service,Database Error
authentication failed for user prod-server-1,Authentication Failure
authentication failed for user payment-service,Authentication Failure
token expired during login for gateway-api,Authentication Failure
db pool exhausted on service auth-service,Database Error
authentication failed for user payment-service,Authentication Failure
unable to connect to mysql instance prod-server-1,Database Error
authentication failed for user payment-service,Authentication Failure
disk space exceeded on server prod-server-1,Disk Full
invalid login credentials for prod-server-1,Authentication Failure
api request timeout on endpoint prod-server-1,API Timeout
gateway timeout from service auth-service,API Timeout
authentication failed for user db-cluster,Authentication Failure
authentication failed for user gateway-api,Authentication Failure
gateway timeout from service gateway-api,API Timeout
api request timeout on endpoint auth-service,API Timeout
unable to connect to mysql instance payment-service,Database Error
upstream api timeout detected in auth-service,API Timeout
unable to write log due to disk full prod-server-1,Disk Full
invalid login credentials for db-cluster,Authentication Failure
database connection timeout on db-cluster,Database Error
db pool exhausted on service gateway-api,Database Error
token expired during login for user-service,Authentication Failure
disk space exceeded on server user-service,Disk Full
api request timeout on endpoint payment-service,API Timeout
connection refused to postgres database payment-service,Database Error
token expired during login for prod-server-1,Authentication Failure
authentication failed for user auth-service,Authentication Failure
request exceeded timeout limit for prod-server-1,API Timeout
database connection timeout on db-cluster,Database Error
token expired during login for gateway-api,Authentication Failure
database connection timeout on user-service,Database Error
filesystem full on instance auth-service,Disk Full
unable to connect to mysql instance user-service,Database Error
unable to write log due to disk full db-cluster,Disk Full
access denied for account gateway-api,Authentication Failure
invalid login credentials for prod-server-1,Authentication Failure
api request timeout on endpoint gateway-api,API Timeout
disk space exceeded on server user-service,Disk Full
gateway timeout from service user-service,API Timeout
filesystem full on instance gateway-api,Disk Full
connection refused to postgres database prod-server-1,Database Error
upstream api timeout detected in prod-server-1,API Timeout
unable to connect to mysql instance db-cluster,Database Error
access denied for account prod-server-1,Authentication Failure
upstream api timeout detected in prod-server-1,API Timeout
no storage left on device user-service,Disk Full
unable to connect to mysql instance prod-server-1,Database Error
unable to write log due to disk full user-service,Disk Full
request exceeded timeout limit for gateway-api,API Timeout
invalid login credentials for auth-service,Authentication Failure
gateway timeout from service user-service,API Timeout
database connection timeout on gateway-api,Database Error
connection refused to postgres database db-cluster,Database Error
gateway timeout from service gateway-api,API Timeout
connection refused to postgres database payment-service,Database Error
database connection timeout on auth-service,Database Error
authentication failed for user payment-service,Authentication Failure
gateway timeout from service gateway-api,API Timeout
db pool exhausted on service gateway-api,Database Error
unable to connect to mysql instance gateway-api,Database Error
no storage left on device auth-service,Disk Full
api request timeout on endpoint auth-service,API Timeout
gateway timeout from service auth-service,API Timeout
unable to write log due to disk full user-service,Disk Full
token expired during login for prod-server-1,Authentication Failure
invalid login credentials for prod-server-1,Authentication Failure
database connection timeout on payment-service,Database Error
upstream api timeout detected in prod-server-1,API Timeout
api request timeout on endpoint user-service,API Timeout
unable to connect to mysql instance prod-server-1,Database Error
filesystem full on instance db-cluster,Disk Full
db pool exhausted on service gateway-api,Database Error
disk space exceeded on server user-service,Disk Full
access denied for account user-service,Authentication Failure
invalid login credentials for auth-service,Authentication Failure
access denied for account payment-service,Authentication Failure
unable to connect to mysql instance auth-service,Database Error
access denied for account gateway-api,Authentication Failure
no storage left on device gateway-api,Disk Full
access denied for account prod-server-1,Authentication Failure
upstream api timeout detected in user-service,API Timeout
invalid login credentials for db-cluster,Authentication Failure
db pool exhausted on service user-service,Database Error
disk space exceeded on server db-cluster,Disk Full
disk space exceeded on server gateway-api,Disk Full
request exceeded timeout limit for payment-service,API Timeout
gateway timeout from service gateway-api,API Timeout
db pool exhausted on service user-service,Database Error
no storage left on device db-cluster,Disk Full
invalid login credentials for user-service,Authentication Failure
gateway timeout from service gateway-api,API Timeout
authentication failed for user db-cluster,Authentication Failure
connection refused to postgres database gateway-api,Database Error
upstream api timeout detected in auth-service,API Timeout
invalid login credentials for payment-service,Authentication Failure
database connection timeout on payment-service,Database Error
request exceeded timeout limit for auth-service,API Timeout
request exceeded timeout limit for gateway-api,API Timeout
connection refused to postgres database gateway-api,Database Error
db pool exhausted on service prod-server-1,Database Error
db pool exhausted on service db-cluster,Database Error
gateway timeout from service prod-server-1,API Timeout
unable to write log due to disk full prod-server-1,Disk Full
no storage left on device gateway-api,Disk Full
api request timeout on endpoint payment-service,API Timeout
disk space exceeded on server auth-service,Disk Full
unable to connect to mysql instance auth-service,Database Error
unable to connect to mysql instance payment-service,Database Error
upstream api timeout detected in user-service,API Timeout
token expired during login for auth-service,Authentication Failure
access denied for account auth-service,Authentication Failure
upstream api timeout detected in db-cluster,API Timeout
api request timeout on endpoint gateway-api,API Timeout
no storage left on device db-cluster,Disk Full
token expired during login for user-service,Authentication Failure
db pool exhausted on service payment-service,Database Error
no storage left on device db-cluster,Disk Full
upstream api timeout detected in gateway-api,API Timeout
token expired during login for auth-service,Authentication Failure
disk space exceeded on server auth-service,Disk Full
invalid login credentials for prod-server-1,Authentication Failure
database connection timeout on payment-service,Database Error
invalid login credentials for gateway-api,Authentication Failure
access denied for account db-cluster,Authentication Failure
unable to connect to mysql instance prod-server-1,Database Error
invalid login credentials for gateway-api,Authentication Failure
unable to write log due to disk full user-service,Disk Full
unable to write log due to disk full gateway-api,Disk Full
request exceeded timeout limit for prod-server-1,API Timeout
no storage left on device db-cluster,Disk Full
request exceeded timeout limit for gateway-api,API Timeout
connection refused to postgres database db-cluster,Database Error
connection refused to postgres database user-service,Database Error
no storage left on device db-cluster,Disk Full
database connection timeout on gateway-api,Database Error
request exceeded timeout limit for user-service,API Timeout
upstream api timeout detected in auth-service,API Timeout
unable to write log due to disk full auth-service,Disk Full
api request timeout on endpoint payment-service,API Timeout
authentication failed for user prod-server-1,Authentication Failure
api request timeout on endpoint db-cluster,API Timeout
db pool exhausted on service auth-service,Database Error
invalid login credentials for gateway-api,Authentication Failure
access denied for account prod-server-1,Authentication Failure
authentication failed for user payment-service,Authentication Failure
db pool exhausted on service auth-service,Database Error
access denied for account auth-service,Authentication Failure
unable to write log due to disk full user-service,Disk Full
connection refused to postgres database gateway-api,Database Error
db pool exhausted on service auth-service,Database Error
no storage left on device user-service,Disk Full
api request timeout on endpoint user-service,API Timeout
token expired during login for prod-server-1,Authentication Failure
disk space exceeded on server prod-server-1,Disk Full
filesystem full on instance user-service,Disk Full
no storage left on device payment-service,Disk Full
access denied for account user-service,Authentication Failure
no storage left on device auth-service,Disk Full
filesystem full on instance prod-server-1,Disk Full
api request timeout on endpoint user-service,API Timeout
upstream api timeout detected in payment-service,API Timeout
request exceeded timeout limit for db-cluster,API Timeout
token expired during login for user-service,Authentication Failure
invalid login credentials for user-service,Authentication Failure
no storage left on device auth-service,Disk Full
upstream api timeout detected in auth-service,API Timeout
database connection timeout on gateway-api,Database Error
request exceeded timeout limit for payment-service,API Timeout
access denied for account user-service,Authentication Failure
access denied for account auth-service,Authentication Failure
upstream api timeout detected in user-service,API Timeout
unable to write log due to disk full user-service,Disk Full
db pool exhausted on service auth-service,Database Error
unable to write log due to disk full gateway-api,Disk Full
authentication failed for user db-cluster,Authentication Failure
authentication failed for user db-cluster,Authentication Failure
db pool exhausted on service prod-server-1,Database Error
database connection timeout on prod-server-1,Database Error
invalid login credentials for user-service,Authentication Failure
upstream api timeout detected in gateway-api,API Timeout
database connection timeout on gateway-api,Database Error
connection refused to postgres database gateway-api,Database Error
database connection timeout on user-service,Database Error
gateway timeout from service user-service,API Timeout
api request timeout on endpoint db-cluster,API Timeout
unable to connect to mysql instance auth-service,Database Error
connection refused to postgres database user-service,Database Error
database connection timeout on prod-server-1,Database Error
access denied for account payment-service,Authentication Failure
database connection timeout on prod-server-1,Database Error
authentication failed for user gateway-api,Authentication Failure
api request timeout on endpoint payment-service,API Timeout
gateway timeout from service payment-service,API Timeout
upstream api timeout detected in user-service,API Timeout
api request timeout on endpoint gateway-api,API Timeout
db pool exhausted on service prod-server-1,Database Error
database connection timeout on prod-server-1,Database Error
no storage left on device gateway-api,Disk Full
database connection timeout on auth-service,Database Error
api request timeout on endpoint payment-service,API Timeout
no storage left on device db-cluster,Disk Full
api request timeout on endpoint prod-server-1,API Timeout
connection refused to postgres database user-service,Database Error
request exceeded timeout limit for prod-server-1,API Timeout
token expired during login for auth-service,Authentication Failure
unable to write log due to disk full gateway-api,Disk Full
filesystem full on instance gateway-api,Disk Full
authentication failed for user auth-service,Authentication Failure
invalid login credentials for db-cluster,Authentication Failure
request exceeded timeout limit for auth-service,API Timeout
upstream api timeout detected in gateway-api,API Timeout
disk space exceeded on server auth-service,Disk Full
invalid login credentials for auth-service,Authentication Failure
authentication failed for user payment-service,Authentication Failure
unable to write log due to disk full user-service,Disk Full
api request timeout on endpoint payment-service,API Timeout
database connection timeout on db-cluster,Database Error
connection refused to postgres database prod-server-1,Database Error
unable to write log due to disk full db-cluster,Disk Full
invalid login credentials for payment-service,Authentication Failure
api request timeout on endpoint prod-server-1,API Timeout
no storage left on device user-service,Disk Full
database connection timeout on prod-server-1,Database Error
db pool exhausted on service gateway-api,Database Error
upstream api timeout detected in payment-service,API Timeout
db pool exhausted on service user-service,Database Error
connection refused to postgres database db-cluster,Database Error
filesystem full on instance gateway-api,Disk Full
unable to connect to mysql instance prod-server-1,Database Error
unable to connect to mysql instance prod-server-1,Database Error
access denied for account auth-service,Authentication Failure
unable to connect to mysql instance db-cluster,Database Error
authentication failed for user payment-service,Authentication Failure
database connection timeout on db-cluster,Database Error
authentication failed for user payment-service,Authentication Failure
upstream api timeout detected in prod-server-1,API Timeout
filesystem full on instance db-cluster,Disk Full
no storage left on device auth-service,Disk Full
invalid login credentials for prod-server-1,Authentication Failure
request exceeded timeout limit for gateway-api,API Timeout
disk space exceeded on server auth-service,Disk Full
no storage left on device gateway-api,Disk Full
access denied for account db-cluster,Authentication Failure
gateway timeout from service auth-service,API Timeout
invalid login credentials for prod-server-1,Authentication Failure
token expired during login for db-cluster,Authentication Failure
filesystem full on instance payment-service,Disk Full
gateway timeout from service user-service,API Timeout
gateway timeout from service gateway-api,API Timeout
invalid login credentials for db-cluster,Authentication Failure
access denied for account gateway-api,Authentication Failure
filesystem full on instance user-service,Disk Full
no storage left on device prod-server-1,Disk Full
upstream api timeout detected in prod-server-1,API Timeout
authentication failed for user user-service,Authentication Failure
token expired during login for user-service,Authentication Failure
no storage left on device user-service,Disk Full
upstream api timeout detected in db-cluster,API Timeout
access denied for account payment-service,Authentication Failure
unable to connect to mysql instance gateway-api,Database Error
token expired during login for prod-server-1,Authentication Failure
db pool exhausted on service auth-service,Database Error
unable to connect to mysql instance prod-server-1,Database Error
gateway timeout from service prod-server-1,API Timeout
api request timeout on endpoint prod-server-1,API Timeout
connection refused to postgres database user-service,Database Error
authentication failed for user db-cluster,Authentication Failure
connection refused to postgres database user-service,Database Error
database connection timeout on auth-service,Database Error
unable to connect to mysql instance auth-service,Database Error
db pool exhausted on service user-service,Database Error
request exceeded timeout limit for prod-server-1,API Timeout
db pool exhausted on service payment-service,Database Error
token expired during login for prod-server-1,Authentication Failure
authentication failed for user auth-service,Authentication Failure
upstream api timeout detected in auth-service,API Timeout
gateway timeout from service prod-server-1,API Timeout
db pool exhausted on service user-service,Database Error
authentication failed for user auth-service,Authentication Failure
no storage left on device payment-service,Disk Full
disk space exceeded on server db-cluster,Disk Full
disk space exceeded on server auth-service,Disk Full
authentication failed for user payment-service,Authentication Failure
unable to write log due to disk full payment-service,Disk Full
disk space exceeded on server gateway-api,Disk Full
access denied for account gateway-api,Authentication Failure
filesystem full on instance db-cluster,Disk Full
unable to connect to mysql instance payment-service,Database Error
request exceeded timeout limit for user-service,API Timeout
access denied for account user-service,Authentication Failure
unable to write log due to disk full prod-server-1,Disk Full
db pool exhausted on service db-cluster,Database Error
token expired during login for db-cluster,Authentication Failure
request exceeded timeout limit for gateway-api,API Timeout
unable to connect to mysql instance prod-server-1,Database Error
db pool exhausted on service db-cluster,Database Error
token expired during login for auth-service,Authentication Failure
database connection timeout on prod-server-1,Database Error
gateway timeout from service payment-service,API Timeout
no storage left on device prod-server-1,Disk Full
authentication failed for user db-cluster,Authentication Failure
access denied for account prod-server-1,Authentication Failure
invalid login credentials for payment-service,Authentication Failure
filesystem full on instance prod-server-1,Disk Full
disk space exceeded on server user-service,Disk Full
request exceeded timeout limit for user-service,API Timeout
gateway timeout from service prod-server-1,API Timeout
unable to connect to mysql instance db-cluster,Database Error
no storage left on device auth-service,Disk Full
request exceeded timeout limit for payment-service,API Timeout
request exceeded timeout limit for payment-service,API Timeout
filesystem full on instance payment-service,Disk Full
database connection timeout on auth-service,Database Error
api request timeout on endpoint db-cluster,API Timeout
request exceeded timeout limit for payment-service,API Timeout
filesystem full on instance user-service,Disk Full
disk space exceeded on server db-cluster,Disk Full
unable to connect to mysql instance db-cluster,Database Error
gateway timeout from service gateway-api,API Timeout
disk space exceeded on server user-service,Disk Full
access denied for account auth-service,Authentication Failure
db pool exhausted on service db-cluster,Database Error
database connection timeout on gateway-api,Database Error
connection refused to postgres database gateway-api,Database Error
upstream api timeout detected in payment-service,API Timeout
no storage left on device gateway-api,Disk Full
authentication failed for user prod-server-1,Authentication Failure
upstream api timeout detected in gateway-api,API Timeout
connection refused to postgres database payment-service,Database Error
no storage left on device user-service,Disk Full
disk space exceeded on server prod-server-1,Disk Full
upstream api timeout detected in auth-service,API Timeout
unable to connect to mysql instance gateway-api,Database Error
filesystem full on instance prod-server-1,Disk Full
db pool exhausted on service auth-service,Database Error
authentication failed for user payment-service,Authentication Failure
access denied for account prod-server-1,Authentication Failure
access denied for account prod-server-1,Authentication Failure
request exceeded timeout limit for user-service,API Timeout
unable to connect to mysql instance user-service,Database Error
db pool exhausted on service db-cluster,Database Error
connection refused to postgres database user-service,Database Error
authentication failed for user db-cluster,Authentication Failure
unable to write log due to disk full payment-service,Disk Full
access denied for account gateway-api,Authentication Failure
invalid login credentials for auth-service,Authentication Failure
gateway timeout from service payment-service,API Timeout
unable to write log due to disk full auth-service,Disk Full
gateway timeout from service user-service,API Timeout
api request timeout on endpoint db-cluster,API Timeout
request exceeded timeout limit for auth-service,API Timeout
token expired during login for gateway-api,Authentication Failure
upstream api timeout detected in gateway-api,API Timeout
api request timeout on endpoint gateway-api,API Timeout
disk space exceeded on server auth-service,Disk Full
unable to connect to mysql instance prod-server-1,Database Error
connection refused to postgres database payment-service,Database Error
upstream api timeout detected in prod-server-1,API Timeout
request exceeded timeout limit for user-service,API Timeout
invalid login credentials for payment-service,Authentication Failure
database connection timeout on auth-service,Database Error
unable to write log due to disk full gateway-api,Disk Full
api request timeout on endpoint user-service,API Timeout
disk space exceeded on server prod-server-1,Disk Full
database connection timeout on auth-service,Database Error
request exceeded timeout limit for gateway-api,API Timeout
database connection timeout on payment-service,Database Error
token expired during login for payment-service,Authentication Failure
database connection timeout on db-cluster,Database Error
invalid login credentials for payment-service,Authentication Failure
connection refused to postgres database user-service,Database Error
unable to write log due to disk full gateway-api,Disk Full
gateway timeout from service prod-server-1,API Timeout
token expired during login for prod-server-1,Authentication Failure
access denied for account auth-service,Authentication Failure
gateway timeout from service gateway-api,API Timeout
database connection timeout on payment-service,Database Error
no storage left on device payment-service,Disk Full
authentication failed for user gateway-api,Authentication Failure
filesystem full on instance user-service,Disk Full
unable to write log due to disk full payment-service,Disk Full
unable to write log due to disk full user-service,Disk Full
authentication failed for user gateway-api,Authentication Failure
no storage left on device db-cluster,Disk Full
database connection timeout on prod-server-1,Database Error
database connection timeout on prod-server-1,Database Error
access denied for account gateway-api,Authentication Failure
db pool exhausted on service payment-service,Database Error
unable to connect to mysql instance user-service,Database Error
api request timeout on endpoint user-service,API Timeout
request exceeded timeout limit for db-cluster,API Timeout
request exceeded timeout limit for prod-server-1,API Timeout
database connection timeout on payment-service,Database Error
connection refused to postgres database auth-service,Database Error
gateway timeout from service user-service,API Timeout
filesystem full on instance prod-server-1,Disk Full
unable to write log due to disk full prod-server-1,Disk Full
no storage left on device user-service,Disk Full
api request timeout on endpoint gateway-api,API Timeout
db pool exhausted on service auth-service,Database Error
no storage left on device prod-server-1,Disk Full
gateway timeout from service db-cluster,API Timeout
disk space exceeded on server db-cluster,Disk Full
unable to write log due to disk full prod-server-1,Disk Full
filesystem full on instance db-cluster,Disk Full
no storage left on device gateway-api,Disk Full
invalid login credentials for db-cluster,Authentication Failure
filesystem full on instance db-cluster,Disk Full
unable to connect to mysql instance payment-service,Database Error
db pool exhausted on service auth-service,Database Error
access denied for account prod-server-1,Authentication Failure
disk space exceeded on server payment-service,Disk Full
invalid login credentials for prod-server-1,Authentication Failure
gateway timeout from service gateway-api,API Timeout
db pool exhausted on service db-cluster,Database Error
api request timeout on endpoint auth-service,API Timeout
filesystem full on instance user-service,Disk Full
filesystem full on instance payment-service,Disk Full
filesystem full on instance db-cluster,Disk Full
api request timeout on endpoint gateway-api,API Timeout
gateway timeout from service prod-server-1,API Timeout
invalid login credentials for prod-server-1,Authentication Failure
database connection timeout on auth-service,Database Error
connection refused to postgres database prod-server-1,Database Error
filesystem full on instance db-cluster,Disk Full
disk space exceeded on server auth-service,Disk Full
no storage left on device db-cluster,Disk Full
upstream api timeout detected in payment-service,API Timeout
database connection timeout on db-cluster,Database Error
db pool exhausted on service db-cluster,Database Error
no storage left on device prod-server-1,Disk Full
unable to connect to mysql instance prod-server-1,Database Error
no storage left on device db-cluster,Disk Full
gateway timeout from service user-service,API Timeout
unable to write log due to disk full db-cluster,Disk Full
connection refused to postgres database db-cluster,Database Error
unable to connect to mysql instance prod-server-1,Database Error
unable to connect to mysql instance payment-service,Database Error
no storage left on device prod-server-1,Disk Full
invalid login credentials for prod-server-1,Authentication Failure
request exceeded timeout limit for payment-service,API Timeout
gateway timeout from service user-service,API Timeout
no storage left on device auth-service,Disk Full
invalid login credentials for gateway-api,Authentication Failure
upstream api timeout detected in prod-server-1,API Timeout
authentication failed for user auth-service,Authentication Failure
db pool exhausted on service gateway-api,Database Error
no storage left on device payment-service,Disk Full
unable to connect to mysql instance db-cluster,Database Error
invalid login credentials for db-cluster,Authentication Failure
invalid login credentials for prod-server-1,Authentication Failure
invalid login credentials for gateway-api,Authentication Failure
unable to connect to mysql instance db-cluster,Database Error
disk space exceeded on server payment-service,Disk Full
filesystem full on instance user-service,Disk Full
upstream api timeout detected in gateway-api,API Timeout
database connection timeout on db-cluster,Database Error
connection refused to postgres database gateway-api,Database Error
upstream api timeout detected in auth-service,API Timeout
db pool exhausted on service prod-server-1,Database Error
upstream api timeout detected in payment-service,API Timeout
disk space exceeded on server user-service,Disk Full
unable to connect to mysql instance db-cluster,Database Error
no storage left on device payment-service,Disk Full
unable to write log due to disk full gateway-api,Disk Full
invalid login credentials for prod-server-1,Authentication Failure
invalid login credentials for prod-server-1,Authentication Failure
authentication failed for user gateway-api,Authentication Failure
no storage left on device prod-server-1,Disk Full
gateway timeout from service payment-service,API Timeout
token expired during login for payment-service,Authentication Failure
token expired during login for gateway-api,Authentication Failure
request exceeded timeout limit for payment-service,API Timeout
gateway timeout from service auth-service,API Timeout
access denied for account db-cluster,Authentication Failure
invalid login credentials for user-service,Authentication Failure
db pool exhausted on service auth-service,Database Error
unable to write log due to disk full db-cluster,Disk Full
api request timeout on endpoint auth-service,API Timeout
upstream api timeout detected in auth-service,API Timeout
no storage left on device payment-service,Disk Full
invalid login credentials for auth-service,Authentication Failure
api request timeout on endpoint user-service,API Timeout
upstream api timeout detected in payment-service,API Timeout
request exceeded timeout limit for gateway-api,API Timeout
invalid login credentials for user-service,Authentication Failure
access denied for account auth-service,Authentication Failure
authentication failed for user prod-server-1,Authentication Failure
request exceeded timeout limit for gateway-api,API Timeout
access denied for account prod-server-1,Authentication Failure
connection refused to postgres database auth-service,Database Error
api request timeout on endpoint payment-service,API Timeout
no storage left on device auth-service,Disk Full
unable to connect to mysql instance auth-service,Database Error
filesystem full on instance prod-server-1,Disk Full
api request timeout on endpoint auth-service,API Timeout
access denied for account payment-service,Authentication Failure
request exceeded timeout limit for db-cluster,API Timeout
no storage left on device auth-service,Disk Full
access denied for account gateway-api,Authentication Failure
disk space exceeded on server db-cluster,Disk Full
token expired during login for db-cluster,Authentication Failure
gateway timeout from service auth-service,API Timeout
db pool exhausted on service auth-service,Database Error
unable to connect to mysql instance db-cluster,Database Error
authentication failed for user gateway-api,Authentication Failure
database connection timeout on user-service,Database Error
filesystem full on instance auth-service,Disk Full
filesystem full on instance gateway-api,Disk Full
invalid login credentials for gateway-api,Authentication Failure
unable to write log due to disk full prod-server-1,Disk Full
filesystem full on instance user-service,Disk Full
db pool exhausted on service payment-service,Database Error
filesystem full on instance auth-service,Disk Full
unable to connect to mysql instance auth-service,Database Error
filesystem full on instance payment-service,Disk Full
invalid login credentials for prod-server-1,Authentication Failure
unable to connect to mysql instance gateway-api,Database Error
upstream api timeout detected in db-cluster,API Timeout
api request timeout on endpoint user-service,API Timeout
request exceeded timeout limit for user-service,API Timeout
no storage left on device db-cluster,Disk Full
database connection timeout on gateway-api,Database Error
no storage left on device payment-service,Disk Full
access denied for account prod-server-1,Authentication Failure
invalid login credentials for user-service,Authentication Failure
authentication failed for user user-service,Authentication Failure
token expired during login for db-cluster,Authentication Failure
upstream api timeout detected in user-service,API Timeout
database connection timeout on prod-server-1,Database Error
upstream api timeout detected in db-cluster,API Timeout
access denied for account auth-service,Authentication Failure
invalid login credentials for payment-service,Authentication Failure
upstream api timeout detected in prod-server-1,API Timeout
invalid login credentials for auth-service,Authentication Failure
disk space exceeded on server payment-service,Disk Full
gateway timeout from service db-cluster,API Timeout
filesystem full on instance payment-service,Disk Full
filesystem full on instance user-service,Disk Full
db pool exhausted on service db-cluster,Database Error
disk space exceeded on server db-cluster,Disk Full
upstream api timeout detected in prod-server-1,API Timeout
no storage left on device payment-service,Disk Full
db pool exhausted on service payment-service,Database Error
invalid login credentials for user-service,Authentication Failure
unable to connect to mysql instance user-service,Database Error
disk space exceeded on server user-service,Disk Full
gateway timeout from service payment-service,API Timeout
unable to write log due to disk full gateway-api,Disk Full
authentication failed for user db-cluster,Authentication Failure
invalid login credentials for db-cluster,Authentication Failure
authentication failed for user auth-service,Authentication Failure
api request timeout on endpoint user-service,API Timeout
token expired during login for gateway-api,Authentication Failure
unable to write log due to disk full gateway-api,Disk Full
gateway timeout from service db-cluster,API Timeout
api request timeout on endpoint gateway-api,API Timeout
authentication failed for user gateway-api,Authentication Failure
no storage left on device prod-server-1,Disk Full
no storage left on device auth-service,Disk Full
authentication failed for user gateway-api,Authentication Failure
upstream api timeout detected in db-cluster,API Timeout
access denied for account prod-server-1,Authentication Failure
authentication failed for user prod-server-1,Authentication Failure
connection refused to postgres database gateway-api,Database Error
database connection timeout on prod-server-1,Database Error
no storage left on device payment-service,Disk Full
access denied for account prod-server-1,Authentication Failure
filesystem full on instance gateway-api,Disk Full
no storage left on device prod-server-1,Disk Full
unable to write log due to disk full db-cluster,Disk Full
authentication failed for user gateway-api,Authentication Failure
request exceeded timeout limit for db-cluster,API Timeout
access denied for account gateway-api,Authentication Failure
request exceeded timeout limit for prod-server-1,API Timeout
api request timeout on endpoint payment-service,API Timeout
request exceeded timeout limit for prod-server-1,API Timeout
authentication failed for user auth-service,Authentication Failure
unable to connect to mysql instance user-service,Database Error
connection refused to postgres database payment-service,Database Error
database connection timeout on payment-service,Database Error
access denied for account user-service,Authentication Failure
request exceeded timeout limit for payment-service,API Timeout
unable to connect to mysql instance user-service,Database Error
api request timeout on endpoint user-service,API Timeout
gateway timeout from service payment-service,API Timeout
database connection timeout on auth-service,Database Error
token expired during login for db-cluster,Authentication Failure
unable to write log due to disk full payment-service,Disk Full
filesystem full on instance payment-service,Disk Full
request exceeded timeout limit for db-cluster,API Timeout
access denied for account payment-service,Authentication Failure
unable to connect to mysql instance gateway-api,Database Error
request exceeded timeout limit for user-service,API Timeout
upstream api timeout detected in db-cluster,API Timeout
gateway timeout from service prod-server-1,API Timeout
unable to connect to mysql instance payment-service,Database Error
no storage left on device db-cluster,Disk Full
no storage left on device user-service,Disk Full
database connection timeout on auth-service,Database Error
unable to write log due to disk full gateway-api,Disk Full
disk space exceeded on server prod-server-1,Disk Full
api request timeout on endpoint auth-service,API Timeout
connection refused to postgres database db-cluster,Database Error
connection refused to postgres database user-service,Database Error
disk space exceeded on server user-service,Disk Full
unable to connect to mysql instance gateway-api,Database Error
unable to connect to mysql instance gateway-api,Database Error
db pool exhausted on service auth-service,Database Error
no storage left on device prod-server-1,Disk Full
invalid login credentials for user-service,Authentication Failure
invalid login credentials for user-service,Authentication Failure
connection refused to postgres database gateway-api,Database Error
access denied for account prod-server-1,Authentication Failure
db pool exhausted on service user-service,Database Error
filesystem full on instance prod-server-1,Disk Full
gateway timeout from service db-cluster,API Timeout
database connection timeout on gateway-api,Database Error
db pool exhausted on service auth-service,Database Error
access denied for account auth-service,Authentication Failure
db pool exhausted on service gateway-api,Database Error
token expired during login for gateway-api,Authentication Failure
disk space exceeded on server payment-service,Disk Full
database connection timeout on user-service,Database Error
token expired during login for auth-service,Authentication Failure
token expired during login for prod-server-1,Authentication Failure
invalid login credentials for prod-server-1,Authentication Failure
filesystem full on instance prod-server-1,Disk Full
no storage left on device db-cluster,Disk Full
unable to connect to mysql instance prod-server-1,Database Error
database connection timeout on auth-service,Database Error
unable to write log due to disk full db-cluster,Disk Full
no storage left on device prod-server-1,Disk Full
database connection timeout on auth-service,Database Error
no storage left on device payment-service,Disk Full
api request timeout on endpoint prod-server-1,API Timeout
request exceeded timeout limit for db-cluster,API Timeout
token expired during login for user-service,Authentication Failure
no storage left on device db-cluster,Disk Full
api request timeout on endpoint auth-service,API Timeout
invalid login credentials for payment-service,Authentication Failure
connection refused to postgres database gateway-api,Database Error
upstream api timeout detected in payment-service,API Timeout
unable to connect to mysql instance payment-service,Database Error
upstream api timeout detected in auth-service,API Timeout
unable to connect to mysql instance gateway-api,Database Error
unable to write log due to disk full payment-service,Disk Full
connection refused to postgres database auth-service,Database Error
api request timeout on endpoint user-service,API Timeout
api request timeout on endpoint auth-service,API Timeout
api request timeout on endpoint auth-service,API Timeout
filesystem full on instance db-cluster,Disk Full
access denied for account gateway-api,Authentication Failure
database connection timeout on prod-server-1,Database Error
access denied for account auth-service,Authentication Failure
filesystem full on instance db-cluster,Disk Full
unable to write log due to disk full auth-service,Disk Full
access denied for account user-service,Authentication Failure
filesystem full on instance auth-service,Disk Full
invalid login credentials for gateway-api,Authentication Failure
unable to write log due to disk full auth-service,Disk Full
disk space exceeded on server gateway-api,Disk Full
filesystem full on instance db-cluster,Disk Full
upstream api timeout detected in db-cluster,API Timeout
access denied for account user-service,Authentication Failure
unable to connect to mysql instance payment-service,Database Error
no storage left on device db-cluster,Disk Full
unable to connect to mysql instance prod-server-1,Database Error
token expired during login for gateway-api,Authentication Failure
unable to write log due to disk full user-service,Disk Full
request exceeded timeout limit for user-service,API Timeout
no storage left on device db-cluster,Disk Full
unable to write log due to disk full payment-service,Disk Full
no storage left on device user-service,Disk Full
database connection timeout on payment-service,Database Error
gateway timeout from service db-cluster,API Timeout
gateway timeout from service payment-service,API Timeout
request exceeded timeout limit for gateway-api,API Timeout
api request timeout on endpoint payment-service,API Timeout
db pool exhausted on service auth-service,Database Error
authentication failed for user payment-service,Authentication Failure
unable to write log due to disk full payment-service,Disk Full
request exceeded timeout limit for db-cluster,API Timeout
api request timeout on endpoint payment-service,API Timeout
request exceeded timeout limit for auth-service,API Timeout
gateway timeout from service user-service,API Timeout
unable to write log due to disk full gateway-api,Disk Full
unable to connect to mysql instance prod-server-1,Database Error
token expired during login for auth-service,Authentication Failure
unable to write log due to disk full auth-service,Disk Full
gateway timeout from service prod-server-1,API Timeout
authentication failed for user db-cluster,Authentication Failure
api request timeout on endpoint payment-service,API Timeout
token expired during login for prod-server-1,Authentication Failure
api request timeout on endpoint gateway-api,API Timeout
db pool exhausted on service user-service,Database Error
authentication failed for user prod-server-1,Authentication Failure
no storage left on device auth-service,Disk Full
db pool exhausted on service payment-service,Database Error
disk space exceeded on server auth-service,Disk Full
database connection timeout on user-service,Database Error
unable to write log due to disk full auth-service,Disk Full
invalid login credentials for payment-service,Authentication Failure
request exceeded timeout limit for db-cluster,API Timeout
db pool exhausted on service gateway-api,Database Error
no storage left on device auth-service,Disk Full
upstream api timeout detected in user-service,API Timeout
upstream api timeout detected in auth-service,API Timeout
unable to connect to mysql instance gateway-api,Database Error
filesystem full on instance db-cluster,Disk Full
upstream api timeout detected in gateway-api,API Timeout
connection refused to postgres database payment-service,Database Error
unable to connect to mysql instance payment-service,Database Error
disk space exceeded on server prod-server-1,Disk Full
upstream api timeout detected in db-cluster,API Timeout
unable to write log due to disk full db-cluster,Disk Full
upstream api timeout detected in gateway-api,API Timeout
token expired during login for gateway-api,Authentication Failure
connection refused to postgres database user-service,Database Error
disk space exceeded on server db-cluster,Disk Full
no storage left on device db-cluster,Disk Full
database connection timeout on db-cluster,Database Error
no storage left on device user-service,Disk Full
authentication failed for user prod-server-1,Authentication Failure
db pool exhausted on service payment-service,Database Error
connection refused to postgres database user-service,Database Error
invalid login credentials for user-service,Authentication Failure
request exceeded timeout limit for db-cluster,API Timeout
no storage left on device gateway-api,Disk Full
filesystem full on instance db-cluster,Disk Full
gateway timeout from service db-cluster,API Timeout
unable to write log due to disk full prod-server-1,Disk Full
upstream api timeout detected in user-service,API Timeout
invalid login credentials for auth-service,Authentication Failure
db pool exhausted on service gateway-api,Database Error
disk space exceeded on server payment-service,Disk Full
unable to write log due to disk full db-cluster,Disk Full
invalid login credentials for payment-service,Authentication Failure
gateway timeout from service payment-service,API Timeout
disk space exceeded on server auth-service,Disk Full
unable to write log due to disk full gateway-api,Disk Full
database connection timeout on db-cluster,Database Error
unable to connect to mysql instance payment-service,Database Error
access denied for account auth-service,Authentication Failure
unable to connect to mysql instance db-cluster,Database Error
token expired during login for payment-service,Authentication Failure
token expired during login for db-cluster,Authentication Failure
upstream api timeout detected in auth-service,API Timeout
unable to connect to mysql instance gateway-api,Database Error
request exceeded timeout limit for user-service,API Timeout
invalid login credentials for user-service,Authentication Failure
request exceeded timeout limit for auth-service,API Timeout
no storage left on device prod-server-1,Disk Full
disk space exceeded on server user-service,Disk Full
db pool exhausted on service db-cluster,Database Error
disk space exceeded on server db-cluster,Disk Full
disk space exceeded on server payment-service,Disk Full
invalid login credentials for prod-server-1,Authentication Failure
filesystem full on instance gateway-api,Disk Full
invalid login credentials for auth-service,Authentication Failure
no storage left on device auth-service,Disk Full
unable to write log due to disk full prod-server-1,Disk Full
disk space exceeded on server payment-service,Disk Full
upstream api timeout detected in auth-service,API Timeout
database connection timeout on payment-service,Database Error
request exceeded timeout limit for user-service,API Timeout
database connection timeout on user-service,Database Error
no storage left on device prod-server-1,Disk Full
unable to write log due to disk full auth-service,Disk Full
access denied for account prod-server-1,Authentication Failure
authentication failed for user payment-service,Authentication Failure
request exceeded timeout limit for payment-service,API Timeout
api request timeout on endpoint prod-server-1,API Timeout
gateway timeout from service prod-server-1,API Timeout
database connection timeout on gateway-api,Database Error
token expired during login for payment-service,Authentication Failure
unable to connect to mysql instance db-cluster,Database Error
connection refused to postgres database auth-service,Database Error
connection refused to postgres database user-service,Database Error
upstream api timeout detected in payment-service,API Timeout
unable to connect to mysql instance user-service,Database Error
request exceeded timeout limit for user-service,API Timeout
access denied for account user-service,Authentication Failure
unable to write log due to disk full user-service,Disk Full
upstream api timeout detected in user-service,API Timeout
gateway timeout from service payment-service,API Timeout
request exceeded timeout limit for payment-service,API Timeout
database connection timeout on db-cluster,Database Error
database connection timeout on gateway-api,Database Error
disk space exceeded on server prod-server-1,Disk Full
access denied for account gateway-api,Authentication Failure
database connection timeout on prod-server-1,Database Error
filesystem full on instance auth-service,Disk Full
connection refused to postgres database payment-service,Database Error
authentication failed for user user-service,Authentication Failure
filesystem full on instance auth-service,Disk Full
gateway timeout from service user-service,API Timeout
invalid login credentials for user-service,Authentication Failure
no storage left on device user-service,Disk Full
authentication failed for user auth-service,Authentication Failure
authentication failed for user gateway-api,Authentication Failure
access denied for account payment-service,Authentication Failure
gateway timeout from service prod-server-1,API Timeout
authentication failed for user db-cluster,Authentication Failure
no storage left on device gateway-api,Disk Full
request exceeded timeout limit for payment-service,API Timeout
upstream api timeout detected in prod-server-1,API Timeout
access denied for account payment-service,Authentication Failure
invalid login credentials for prod-server-1,Authentication Failure
filesystem full on instance payment-service,Disk Full
unable to write log due to disk full auth-service,Disk Full
unable to connect to mysql instance auth-service,Database Error
db pool exhausted on service db-cluster,Database Error
request exceeded timeout limit for user-service,API Timeout
unable to write log due to disk full db-cluster,Disk Full
disk space exceeded on server auth-service,Disk Full
db pool exhausted on service prod-server-1,Database Error
connection refused to postgres database auth-service,Database Error
access denied for account prod-server-1,Authentication Failure
authentication failed for user user-service,Authentication Failure
connection refused to postgres database user-service,Database Error
no storage left on device auth-service,Disk Full
unable to write log due to disk full gateway-api,Disk Full
db pool exhausted on service user-service,Database Error
access denied for account gateway-api,Authentication Failure
request exceeded timeout limit for db-cluster,API Timeout
database connection timeout on gateway-api,Database Error
disk space exceeded on server prod-server-1,Disk Full
filesystem full on instance prod-server-1,Disk Full
filesystem full on instance auth-service,Disk Full
upstream api timeout detected in user-service,API Timeout
db pool exhausted on service payment-service,Database Error
unable to connect to mysql instance auth-service,Database Error
database connection timeout on user-service,Database Error
gateway timeout from service db-cluster,API Timeout
unable to connect to mysql instance auth-service,Database Error
upstream api timeout detected in prod-server-1,API Timeout
database connection timeout on user-service,Database Error
disk space exceeded on server db-cluster,Disk Full
authentication failed for user db-cluster,Authentication Failure
token expired during login for payment-service,Authentication Failure
filesystem full on instance user-service,Disk Full
request exceeded timeout limit for user-service,API Timeout
request exceeded timeout limit for prod-server-1,API Timeout
no storage left on device user-service,Disk Full
filesystem full on instance db-cluster,Disk Full
api request timeout on endpoint prod-server-1,API Timeout
unable to connect to mysql instance db-cluster,Database Error
unable to connect to mysql instance payment-service,Database Error
invalid login credentials for user-service,Authentication Failure
no storage left on device gateway-api,Disk Full
unable to write log due to disk full db-cluster,Disk Full
db pool exhausted on service prod-server-1,Database Error
upstream api timeout detected in auth-service,API Timeout
database connection timeout on auth-service,Database Error
upstream api timeout detected in gateway-api,API Timeout
no storage left on device db-cluster,Disk Full
invalid login credentials for db-cluster,Authentication Failure
db pool exhausted on service payment-service,Database Error
invalid login credentials for payment-service,Authentication Failure
token expired during login for gateway-api,Authentication Failure
unable to connect to mysql instance auth-service,Database Error
unable to write log due to disk full prod-server-1,Disk Full
api request timeout on endpoint db-cluster,API Timeout
disk space exceeded on server gateway-api,Disk Full
access denied for account user-service,Authentication Failure
request exceeded timeout limit for db-cluster,API Timeout
db pool exhausted on service payment-service,Database Error
db pool exhausted on service payment-service,Database Error
gateway timeout from service db-cluster,API Timeout
db pool exhausted on service auth-service,Database Error
request exceeded timeout limit for prod-server-1,API Timeout
disk space exceeded on server gateway-api,Disk Full
filesystem full on instance user-service,Disk Full
upstream api timeout detected in payment-service,API Timeout
filesystem full on instance prod-server-1,Disk Full
api request timeout on endpoint gateway-api,API Timeout
database connection timeout on prod-server-1,Database Error
database connection timeout on db-cluster,Database Error
token expired during login for gateway-api,Authentication Failure
connection refused to postgres database gateway-api,Database Error
no storage left on device gateway-api,Disk Full
upstream api timeout detected in payment-service,API Timeout
no storage left on device gateway-api,Disk Full
authentication failed for user payment-service,Authentication Failure
api request timeout on endpoint user-service,API Timeout
upstream api timeout detected in db-cluster,API Timeout
connection refused to postgres database user-service,Database Error
invalid login credentials for payment-service,Authentication Failure
invalid login credentials for auth-service,Authentication Failure
database connection timeout on prod-server-1,Database Error
api request timeout on endpoint user-service,API Timeout
unable to connect to mysql instance gateway-api,Database Error
authentication failed for user gateway-api,Authentication Failure
api request timeout on endpoint auth-service,API Timeout
access denied for account user-service,Authentication Failure
api request timeout on endpoint prod-server-1,API Timeout
no storage left on device gateway-api,Disk Full
no storage left on device db-cluster,Disk Full
unable to write log due to disk full payment-service,Disk Full
api request timeout on endpoint db-cluster,API Timeout
gateway timeout from service user-service,API Timeout
api request timeout on endpoint prod-server-1,API Timeout
unable to connect to mysql instance payment-service,Database Error
unable to connect to mysql instance db-cluster,Database Error
upstream api timeout detected in gateway-api,API Timeout
filesystem full on instance prod-server-1,Disk Full
filesystem full on instance auth-service,Disk Full
upstream api timeout detected in db-cluster,API Timeout
access denied for account auth-service,Authentication Failure
upstream api timeout detected in user-service,API Timeout
database connection timeout on db-cluster,Database Error
invalid login credentials for auth-service,Authentication Failure
db pool exhausted on service payment-service,Database Error
disk space exceeded on server prod-server-1,Disk Full
filesystem full on instance db-cluster,Disk Full
invalid login credentials for payment-service,Authentication Failure
connection refused to postgres database auth-service,Database Error
api request timeout on endpoint payment-service,API Timeout
authentication failed for user auth-service,Authentication Failure
token expired during login for db-cluster,Authentication Failure
unable to connect to mysql instance user-service,Database Error
access denied for account user-service,Authentication Failure
token expired during login for db-cluster,Authentication Failure
database connection timeout on payment-service,Database Error
authentication failed for user user-service,Authentication Failure
db pool exhausted on service gateway-api,Database Error
access denied for account gateway-api,Authentication Failure
no storage left on device db-cluster,Disk Full
authentication failed for user auth-service,Authentication Failure
gateway timeout from service user-service,API Timeout
filesystem full on instance prod-server-1,Disk Full
